pathway	pval	padj	log2err	ES	NES	size	leadingEdge	dataset_id	direction
HALLMARK_TNFA_SIGNALING_VIA_NFKB	6.18834944830631e-40	3.09417472415316e-38	1.64704014100292	-0.6244462721853	-3.7196513635682	200	CXCL2|IL7R|TNC|SOD2|INHBA|CXCL6|DRAM1|TRAF1|PLAU|CEBPB|CXCL1|PDE4B|CD69|CFLAR|SOCS3|RIGI|PTGS2|IL6|CCL2|ACKR3|IL23A|GPR183|CCL4|ABCA1|PHLDA1|CCN1|CXCL3|DUSP2|TNFAIP8|NINJ1|IER5|GFPT2|PNRC1|ICAM1|IL1B|G0S2|DENND5A|IL6ST|BCL6|LIF|IFIH1|SERPINE1|CXCL10|TLR2|NR4A3|SLC2A3|NAMPT|TNFAIP6|BCL2A1|TNFAIP3|MAP3K8|IFIT2|BTG2|CSF2|YRDC|CD44|CCL5|RIPK2|TNFRSF9|IER3|BTG3|PTX3|GEM|NFKBIA|FJX1|IL15RA|SLC16A6|PFKFB3|PLPP3|IL1A|SLC2A6|PLEK|PTPRE|KYNU|LITAF|ZFP36|NFAT5|GADD45B|CXCL11|KLF10|CD83|MSC|NFIL3|PLK2|PANX1|EGR3|TNIP2|CEBPD|DUSP1|CD80|TRIB1|MCL1|IRF1|DUSP4|JUNB|F3|KDM6B|PLAUR|EGR2|STAT5A|NFKB1|CCNL1|MYC|KLF9|PMEPA1|EHD1|OLR1|SAT1|IL12B|EGR1|SERPINB2|NFKBIE|TNF|DNAJB4|SNN	GSE16879	Enriched in nonresponders
HALLMARK_EPITHELIAL_MESENCHYMAL_TRANSITION	1.46018512621407e-37	3.65046281553517e-36	1.5959566534683	-0.610332105550808	-3.63557723020218	200	PDLIM4|TNC|TFPI2|INHBA|CXCL6|MMP3|WNT5A|CXCL1|SPOCK1|FBN1|VCAN|GLIPR1|FAP|CXCL8|IL6|CDH11|VIM|TNFRSF11B|CALU|LOX|COL6A3|TIMP3|FLNA|CCN1|DCN|COL4A1|NNMT|FERMT2|MSX1|NTM|PTHLH|SERPINH1|FSTL1|SERPINE1|CALD1|RGS4|LGALS1|ITGA5|SERPINE2|LUM|BASP1|LAMC1|COL5A2|CTHRC1|TNFAIP3|FGF2|GAS1|COL4A2|PFN2|WIPF1|CD44|MMP2|COL3A1|COL12A1|MMP1|PRRX1|DPYSL3|LOXL2|COL1A2|PTX3|EMP3|GEM|TGFBI|PCOLCE|HTRA1|SPARC|COL1A1|MYL9|IGFBP4|MMP14|SNTB1|SNAI2|COL5A1|COL7A1|ITGB3|FSTL3|TGFB1|GPX7|LAMA2|GREM1|VCAM1|TIMP1|GADD45B|MGP|CCN2|TPM2|PVR|FBLN1|ECM2|PMP22|LAMC2|COL6A2|LOXL1|SGCB|ITGAV|TGFBR3|ELN|SLIT2|TAGLN|THY1|THBS1|PLAUR|CD59|FN1|THBS2|ACTA2|FBLN5|IL15|CXCL12|PMEPA1|P3H1|ENO2|FBN2|SAT1|EFEMP2|TNFRSF12A|FAS|SPP1|COL5A3	GSE16879	Enriched in nonresponders
HALLMARK_INFLAMMATORY_RESPONSE	6.14613795479121e-33	1.02435632579854e-31	1.49547932629977	-0.584652700185307	-3.48261221233263	200	PDPN|IL7R|INHBA|CXCL6|RNF144B|PDE4B|CD69|CXCL8|IL6|CCL2|CSF3|LY6E|IL18RAP|TLR1|RGS1|IL10|GPR183|ABCA1|CCL22|SELE|AXL|IL1R1|ICAM1|IL1B|CALCRL|LIF|SERPINE1|CD14|LCP2|CXCL10|TLR2|P2RX7|ITGA5|SEMA4D|CHST2|NAMPT|TNFAIP6|CD48|C5AR1|ITGB8|BTG2|PROK2|CD40|FPR1|CXCL9|NOD2|CCL5|SELL|RIPK2|AQP9|TNFRSF9|OSMR|EMP3|NFKBIA|IL10RA|IL15RA|RGS16|IL1A|PIK3R5|FFAR2|HAS2|LPAR1|EBI3|HIF1A|RASGRP1|PTPRE|MMP14|IL18R1|SLAMF1|LCK|ITGB3|CYBB|KIF1B|CMKLR1|CCR7|C3AR1|TIMP1|CXCL11|PVR|ADGRE1|SLC28A2|LAMP3|PTAFR|EREG|GPR132|TPBG|SLC31A2|OSM|RAF1|CXCR6|CSF3R|TNFRSF1B|CCL7|IRF1|TNFSF15|IRF7|F3|PLAUR|NLRP3|EIF2AK2|CLEC5A|NFKB1|LYN|MYC|IL15	GSE16879	Enriched in nonresponders
HALLMARK_INTERFERON_GAMMA_RESPONSE	3.64508177145343e-30	4.55635221431679e-29	1.42456271623384	-0.567147610252311	-3.37833929961143	200	SOD2|CD86|IFIT3|C1S|PDE4B|CD69|SOCS3|RIGI|PTGS2|IL6|CCL2|ST8SIA4|LY6E|CSF2RB|SAMHD1|IFNAR2|P2RY14|MTHFD2|ICAM1|SOCS1|SLAMF7|IFIH1|LCP2|CXCL10|HLA-DQA1|SERPING1|NAMPT|TNFAIP6|TNFAIP3|IFIT2|BPGM|CD40|FPR1|CXCL9|MX2|IFI44L|CFH|CCL5|RIPK2|CD274|C1R|EPSTI1|NFKBIA|IL10RA|TRIM14|LYSMD2|ARID5B|IL15RA|STAT1|SAMD9L|HIF1A|ISG20|APOL6|IFI30|WARS1|ZBP1|IFITM2|CD38|STAT4|CMKLR1|VCAM1|TXNIP|FCGR1A|CXCL11|SP110|SSPN|BANK1|NCOA3|IDO1|IRF5|MARCHF1|IRF4|GPR18|SELP|CASP4|OAS3|RAPGEF6|UBE2L6|JAK2|PML|PTPN2|OAS2|VAMP5|CCL7|IRF1|LATS2|IRF7|EIF2AK2|NFKB1|XCL1|GBP6|IL15|XAF1|IRF8|PNPT1|IFIT1|STAT2|PSMB9|IL18BP|GBP4|FAS|CASP3|IFI44|ITGB7|PSMB2|PLSCR1|CASP8|RNF31|OGFR|IFITM3|TNFAIP2|ST3GAL5|BST2	GSE16879	Enriched in nonresponders
HALLMARK_ALLOGRAFT_REJECTION	2.28562238934211e-28	2.28562238934211e-27	1.38026491759359	-0.555425852799663	-3.30851607696719	200	INHBA|IL11|SRGN|CD86|IL6|CCL2|ST8SIA4|IL18RAP|TLR1|FCGR2B|IL10|IFNAR2|FYB1|PTPRC|FLNA|CCL4|CCL22|ICAM1|IL1B|GLMN|SOCS1|LIF|F2R|LCP2|IGSF6|TLR2|HLA-DQA1|DEGS1|NCF4|CD40|CD8A|IL16|CXCL9|CCL5|RIPK2|BCAT1|PRKCB|IFNG|CCL11|MMP9|CD2|GZMB|CCR1|STAT1|GPR65|KLRD1|HIF1A|CD28|LCK|ITGAL|WARS1|HDAC9|ITGB2|TGFB1|ETS1|HCLS1|ABCE1|CCR5|STAT4|IL12RB1|TAP2|TIMP1|CCR2|CD3D|CD79A|FGR|IL2RA|ITK|IKBKB|IRF4|EREG|JAK2|PRF1|CD3G|GBP2|CD80|CD3E|CCL7|CD96|HLA-DRA|THY1|HLA-DOA|IRF7|NLRP3|TGFB2|NPM1|TRAT1|LYN|TLR6|CXCL13|IL15|UBE2D1|CD47|IRF8|RPS3A|LY86|ZAP70|CD247|IL12B|TNF|MAP3K7|WAS|FAS|DARS1|EIF3J|CRTAM	GSE16879	Enriched in nonresponders
HALLMARK_KRAS_SIGNALING_UP	1.34194034324072e-15	1.11828361936726e-14	1.01754479730988	-0.445593234276134	-2.6542739628689	200	ETV1|AKAP12|IL7R|MMP10|INHBA|TMEM158|TRAF1|PLAU|PTGS2|MAFB|TFPI|CAB39L|IL33|FCER1G|GFPT2|LY96|HSD11B1|IL1B|ETV5|G0S2|LIF|CLEC4A|CXCL10|NIN|ZNF639|TLR8|PRDM1|NRP1|LAT2|PECAM1|TNFAIP3|BPGM|CSF2|YRDC|MAP3K1|CFH|IKZF1|PRRX1|MMD|ST6GAL1|IL10RA|MMP9|DOCK2|LAPTM5|RGS16|GNG11|SPARCL1|CDADC1|PLAT|GUCY1A1|ADAM8|ADGRL4|LCP1|CXCR4|CSF2RA|HDAC9|ITGB2|GPRC5B|ETS1|SATB1|RELN|ADAM17|GPNMB|CMKLR1|C3AR1|GYPC|CBL|CPE|ADGRA2	GSE16879	Enriched in nonresponders
HALLMARK_IL6_JAK_STAT3_SIGNALING	3.31628073040554e-15	2.36877195028967e-14	1.00731795687447	-0.58774623589716	-3.03828948125505	87	CXCL1|SOCS3|IL6|CSF2RB|CXCL3|IL1R1|IL1B|SOCS1|IL6ST|CD14|CXCL10|PDGFC|TLR2|MAP3K8|CSF2|CD44|CXCL9|GRB2|IL3RA|OSMR|ITGA4|PTPN11|IL15RA|PIK3R5|HAX1|CCR1|STAT1|EBI3|IL18R1|CSF2RA|ITGB3|CD38|TGFB1|IL12RB1|CXCL11|IL17RA|CBL|IL2RA|IL1R2|PTPN2|A2M|CSF3R|TNFRSF1B|CCL7|IRF1	GSE16879	Enriched in nonresponders
HALLMARK_COMPLEMENT	4.0236405980171e-13	2.51477537376069e-12	0.932595211336209	-0.419229616695911	-2.49723328467302	200	TFPI2|CEBPB|CXCL1|MMP12|S100A9|C1S|IL6|ZEB1|GNB4|CTSL|LAMP2|ANXA5|FCER1G|SERPINE1|PLA2G7|LCP2|SERPING1|GZMK|GNG2|PRCP|TNFAIP3|COL4A2|MMP8|FYN|DOCK10|GRB2|PIK3CG|CFH|CCL5|CPQ|C1R|F5|CTSC|GZMB|PIK3R5|PHEX|PIK3CA|GCA|CP|PLAT|PLEK|RASGRP1|GNAI2|MMP14|CALM1|KYNU|LCK|FCN1|S100A12|USP15|TIMP1|CTSB|APOBEC3G|CTSH|CR1|CASP4|JAK2|VCPIP1|RAF1|IRF1|ITGAM|IRF7|F3|APOC1|PLAUR|CD59|FN1|CDH13|LYN|TIMP2|KCNIP3|EHD1|C3|OLR1|PSMB9|SERPINB2|WAS|CASP3|SCG3|PLSCR1|C1QA|LTA4H|CD36|SPOCK2|HSPA5|MSRB1	GSE16879	Enriched in nonresponders
HALLMARK_IL2_STAT5_SIGNALING	1.03609268922925e-10	5.75607049571804e-10	0.839088935621274	-0.394373604902431	-2.343584855755	199	TRAF1|LRRC8C|CD86|RRAGD|PRNP|IL10|CTLA4|PHLDA1|SOCS1|DENND5A|LIF|CXCL10|CST7|SLC2A3|NRP1|TNFRSF4|CD48|XBP1|HIPK2|RORA|MAP3K8|PRKCH|RHOH|CSF2|GSTO1|CD44|ADAM19|IL3RA|SELL|TNFRSF9|IL10RA|ITIH5|PRAF2|RGS16|TWSG1|GPR65|BATF3|COL6A1|ALCAM|IL18R1|SHE|GLIPR2|GADD45B|CD83|NCOA3|IL2RA|IL1R2|NFIL3|IRF4|SELP|ETFBKMT|ITGAV|HOPX|SWAP70|TNFSF11|ICOS|MAPKAPK2|TNFRSF1B|GUCY1B1|CD81|ITGAE|MYC|TIAM1|BATF|IRF8|TLR7|PHTF2|BMPR2|GBP4|SPP1|CASP3|AHR|IKZF4|TGM2|PLSCR1|COCH|IFITM3|IGF1R|RNH1	GSE16879	Enriched in nonresponders
HALLMARK_INTERFERON_ALPHA_RESPONSE	1.37782426480897e-10	6.88912132404484e-10	0.826657301178302	-0.498693841795712	-2.61907259731132	97	IFIT3|C1S|LY6E|IFIH1|PROCR|CXCL10|IFIT2|IFI44L|SELL|RIPK2|EPSTI1|TRIM14|TRIM5|SAMD9L|ISG20|ELF1|IFI30|WARS1|IFITM2|TXNIP|CXCL11|SP110|LAMP3|UBE2L6|NCOA7|GBP2|IRF1|IRF7|EIF2AK2|IL15|CD47|PNPT1|STAT2|PSMB9|GBP4|IFI44|PLSCR1|CASP8|RNF31|OGFR|IFITM3|IFITM1|BST2|PSMB8|LPAR6|ADAR|CSF1|MX1|SLC25A28|LAP3|IRF9|CD74|RSAD2|IFI35|B2M|CMPK2|BATF2|IL4R|NMI|PARP14	GSE16879	Enriched in nonresponders
HALLMARK_MYC_TARGETS_V1	4.98859939301619e-09	2.26754517864372e-08	0.761460801445585	-0.36398722619724	-2.16816985312102	200	HNRNPC|CANX|XPOT|HNRNPD|MRPL9|BUB3|NAP1L1|EIF2S1|NOP56|ABCE1|PRDX4|DDX21|SYNCRIP|SERBP1|SF3A1|HDDC2|RSL1D1|PRPF31|UBA2|SRSF2|SRM|HNRNPR|CBX3|KPNB1|CCT5|RACK1|RPL6|CCT2|RPS6|NPM1|CCT7|RPS5|SF3B3|HSP90AB1|PABPC4|SET|EPRS1|PRDX3|MYC|SMARCC1|TRA2B|GSPT1|IARS1|SRSF7|CCT4|XPO1|MAD2L1|C1QBP|PWP1|EEF1B2|PSMC6|TYMS|EIF3J|PSMD14|PSMB2|PCNA|POLE3|CCNA2|CDK2|MCM6|RAN|ORC2|NOLC1|H2AZ1|GNL3|RPL14|HNRNPA3|ODC1|EIF4A1|RPL34|HSPD1|HPRT1|PSMA2|RRM1|KPNA2|DHX15|KARS1|NHP2|PSMA1|CCT3|EIF2S2|DDX18|RFC4|SNRPB2|PSMA7|CLNS1A|EIF3D|PRPS2|NOP16|PSMD7|PPM1G|RPS10|CDK4|USP1|RPLP0|HNRNPA1|PABPC1|NME1|TFDP1|APEX1|ILF2|RPL18|RPS3|U2AF1|MCM5|SNRPD1|YWHAQ|MCM7|FBL|SNRPD2|PTGES3|PCBP1|PSMA4	GSE16879	Enriched in nonresponders
HALLMARK_UNFOLDED_PROTEIN_RESPONSE	1.76151387704168e-08	7.33964115434034e-08	0.73376198835648	-0.430261544851045	-2.32687710812818	113	CEBPB|CCL2|MTHFD2|HERPUD1|XPOT|XBP1|CNOT2|DNAJB9|ASNS|SDAD1|SPCS3|SRPRA|DCP1A|NFYB|FKBP14|EIF2S1|SLC7A5|NOP56|ATF6|PSAT1|DCP2|EIF4A2|NFYA|DDIT4|ERN1|DNAJC3|SKIC3|TSPYL2|HSP90B1|NPM1|CNOT4|NOP14|SERP1|SRPRB|IARS1|SSR1|STC2|IFIT1|TATDN2|EXOSC2|HSPA5|ATF4|SLC1A4|PDIA6|NOLC1|EIF4A1|ZBTB17|SLC30A5|DKC1|NABP1|NHP2|SPCS1|EXOC2|EIF2AK3|PAIP1|RPS14|EXOSC5|MTREX	GSE16879	Enriched in nonresponders
HALLMARK_UV_RESPONSE_DN	4.74999203719191e-07	1.82692001430458e-06	0.674962860011025	-0.378751945601976	-2.15756546897898	144	IGFBP5|NR3C1|PTGFR|ADGRL2|PRKAR2B|SDC2|CAV1|TFPI|SYNE1|CCN1|SERPINE1|RGS4|AKT3|PTPRM|NRP1|LAMC1|COL5A2|FZD2|FYN|ATRX|COL3A1|GRK5|COL1A2|ATRN|SCHIP1|PLPP3|HAS2|MAPK14|COL1A1|LPAR1|SNAI2|ITGB3|IRS1|SIPA1L1|ATP2B4|PMP22|KCNMA1|DLC1|RASA2|TGFBR3|DUSP1|LTBP1|PTEN|F3|PIK3CD|NFKB1|MYC|FBLN5|MAGI2|MAP1B|RUNX1|NEK7|ATXN1|TGFBR2|PTPN21|IGF1R|ATP2B1|SPOP|RBPMS|AMPH|NOTCH2|CDKN1B	GSE16879	Enriched in nonresponders
HALLMARK_APOPTOSIS	1.44065232148295e-06	5.04457295585121e-06	0.643551836150722	-0.352827074854485	-2.04972093907204	161	HGF|SOD2|CYLD|CAV1|CD69|CFLAR|IL6|DPYD|TIMP3|DCN|IL1B|F2R|CD14|PMAIP1|ROCK1|LUM|BTG2|CD44|MMP2|IER3|BTG3|CD2|IL1A|IGFBP6|PLAT|ISG20|PEA15|CD38|SATB1|TXNIP|TIMP1|GADD45B|PPT1|ANXA1|CASP4|EREG|EGR3|PRF1|TGFBR3|DNAJC3|MCL1|IRF1|TGFB2|TIMP2|GPX3|HMGB2|ENO2|WEE1|DNAJA1|SAT1|CASP2|TNF|TNFRSF12A|FAS|CASP3|XIAP|GNA15|AVPR1A|CASP8|CDK2|IFITM3	GSE16879	Enriched in nonresponders
HALLMARK_FATTY_ACID_METABOLISM	1.61426334587239e-06	5.04457295585121e-06	0.643551836150722	0.370161056770343	1.96979932877912	156	BLVRA|HADH|RAP1GDS1|HMGCS2|CA4|CRAT|HSD17B11|ACOX1|HMGCL|EHHADH|TP53INP2|RETSAT|MLYCD|SLC22A5|DHCR24|HIBCH|CPT1A|PPARA|ACSL5|GAD2|ACOT8|MAOA|NCAPH2|HPGD|ADIPOR2|BMPR1B|SDHA|NSDHL|MGLL|IDH3G|NTHL1|ACSS1|ADH7|ENO3|ECI1|PCBD1|CYP4A11|ACADVL|HMGCS1|XIST|SUCLG2|ACADS|KMT5A|ACAA1|GPD2|BCKDHB|ADH1C|HSDL2|MDH2|ALAD|SDHC|S100A10|ECI2|ECHS1|ACAA2|FABP1	GSE16879	Enriched in responders
HALLMARK_HYPOXIA	1.56515313938888e-06	5.04457295585121e-06	0.643551836150722	-0.324499954008129	-1.93295524397971	200	AKAP12|NR3C1|STC1|SDC2|CAV1|RRAGD|IL6|ACKR3|LOX|CCN1|TPST2|DCN|PNRC1|SIAH2|SAP30|RBPJ|SERPINE1|CAVIN1|IDS|SLC2A3|CHST2|PAM|PGF|RORA|TNFAIP3|MAP3K1|IER3|SLC6A6|CSRP2|TGFBI|PFKFB3|CP|ISG20|S100A4|CXCR4|COL5A1|ETS1|ZFP36|DTNA|GCNT2|CCN2|NFIL3|LDHC|SLC2A5|DDIT4|TPBG|GALK1|DUSP1|CAVIN3|B3GALT6|F3|PLAUR|PKP1|PDK1|KLF7|NAGK|TMEM45A|NOCT|GAA|ADM|ENO2|STC2	GSE16879	Enriched in nonresponders
HALLMARK_COAGULATION	3.60500080793467e-06	1.0602943552749e-05	0.627256739718528	-0.361819411603175	-2.03878327433623	138	TFPI2|MMP10|MMP3|PLAU|FBN1|C1S|THBD|LAMP2|TIMP3|SERPINE1|CTSK|SERPING1|PECAM1|DUSP14|MMP8|FYN|MMP2|CFH|MMP1|CPQ|C1R|MMP9|PROS1|HTRA1|SPARC|PLAT|PLEK|CPN1|MMP14|ITGB3|CRIP2|VWF|TIMP1|CTSB|CTSH|ANXA1|A2M|RAC1|THBS1|F3|APOC1|FN1|KLF7|TF|C3|MMP11|OLR1|SERPINB2	GSE16879	Enriched in nonresponders
HALLMARK_MTORC1_SIGNALING	7.70397491162771e-06	2.1399930310077e-05	0.593325476396405	-0.311262748725151	-1.85410492350562	200	IGFBP5|STC1|NIBAN1|MTHFD2|SLA|CANX|SERPINH1|ACTR3|SLC2A3|ELOVL5|NAMPT|XBP1|BTG2|ASNS|BCAT1|SLC6A6|SHMT2|SKAP2|CTSC|NUFIP1|TCEA1|GTF2H1|PNO1|IFI30|CXCR4|SLC7A5|WARS1|ITGB2|BUB1|PSAT1|NFIL3|SLC7A11|CORO1A|DDIT4|CACYBP|GCLC|HSP90B1|GGA2|DAPP1|EPRS1|UCHL5|PDK1|GLA|SERP1|NUP205|SSR1|M6PR|TUBA4A|PSMC6|PSMD14|NMT1|PSMD12|PSPH|DHFR|LTA4H|HSPA5|STIP1|GBE1|MLLT11|PITPNB|SLC1A4|CCT6A|DDX39A|EEF1E1|UFM1|TBK1|ENO1|ACTR2|FKBP2|HSPD1|HPRT1|GLRX|RPA1|CFP|HSPA4|ABCF2|FADS1|PHGDH|PSMC2|ARPC5L|RRM2|EIF2S2|GAPDH	GSE16879	Enriched in nonresponders
HALLMARK_E2F_TARGETS	1.01355477329077e-05	2.66724940339676e-05	0.593325476396405	-0.316924843272917	-1.88334171930875	199	NBN|MTHFD2|HNRNPD|ANP32E|HMGA1|BRCA2|RFC1|SMC3|PSIP1|NAP1L1|EIF2S1|NOP56|PRDX4|SYNCRIP|SNRPB|TP53|PRPS1|STMN1|CNOT9|SLBP|IPO7|RFC3|SRSF2|MRE11|UBE2S|PMS2|TUBB|LYAR|MLH1|MYC|HMGB2|NUP205|TRA2B|LUC7L3|GSPT1|NUP153|WEE1|XPO1|PDS5B|MAD2L1|RAD51C|HELLS|SMC4|MELK|SMC1A|PCNA|TIPIN|RPA2|CDK1|TMPO|POLA2|DDX39A|MCM6|RAN|ORC2|NOLC1|CDKN1B|BARD1|H2AZ1|NUDT21|POP7|SHMT1|ATAD2|PRIM2|NUP107|DEPDC1|PLK4|RPA1|SPC25|KPNA2|EED|DNMT1|PNN|RRM2|WDR90|RAD21|RAD1|RFC2|DCK|KIF18B|CHEK1|BRMS1L|ASF1A|DONSON|CDK4|USP1|CDKN2C|NME1|CDKN2A|ZW10|PPM1D|UBR7|PTTG1	GSE16879	Enriched in nonresponders
HALLMARK_APICAL_JUNCTION	6.68630375118038e-05	0.00016715759377951	0.538434096309916	-0.291887470273387	-1.73869182213437	200	TRAF1|AMIGO2|MAP3K20|CD86|FBN1|VCAN|CDH11|TNFRSF11B|FYB1|PTPRC|ICAM1|AKT3|SIRPA|NEXN|GNAI1|MSN|PECAM1|MMP2|RAC2|CLDN19|SGCE|CD274|JAM3|MMP9|SKAP2|GAMT|TGFBI|ACTN1|MAPK14|MYL9|GNAI2|IRS1|VWF|ARHGEF6|VCAM1|LAMC2|ICAM2|TIAL1|ADAMTS5|MYH10|CDH8|PTEN|NFASC|PBX2|SLIT2|THY1|DSC1|CADM2|ADAM23|NEGR1|CDH3|ACTC1|SYK|CADM3|SORBS3|KRT31|ZYX|SPEG|KCNH2	GSE16879	Enriched in nonresponders
HALLMARK_ANGIOGENESIS	0.000183728859892073	0.000417565590663803	0.518848077743792	-0.517331150599881	-2.17718085044996	36	CXCL6|STC1|VCAN|THBD|MSX1|FSTL1|LUM|NRP1|COL5A2|COL3A1|S100A4|TIMP1|ITGAV|KCNJ8|LPL|OLR1|SPP1	GSE16879	Enriched in nonresponders
HALLMARK_G2M_CHECKPOINT	0.000176002368046676	0.000417565590663803	0.518848077743792	-0.28101736330306	-1.67394164263084	200	DMD|MEIS1|MAP3K20|SAP30|HNRNPD|HMGA1|ATRX|BRCA2|SRSF10|BUB3|MAPK14|FBXO5|HIF1A|RBL1|SLC7A5|TGFB1|SYNCRIP|FOXN3|BUB1|CDC27|STMN1|PRMT5|CUL5|MEIS2|SRSF2|PML|KPNB1|UBE2S|NUP98|RASAL2|KIF20B|TLE3|MTF2|MYC|SMARCC1|TRA2B|DTYMK|CUL3|GSPT1|NUSAP1|XPO1|PDS5B|MAD2L1|SMC4|SMC1A|RPA2|CDK1|CCNA2|TMPO|POLA2|DBF4|DDX39A|MCM6|NOTCH2|NOLC1|CDKN1B|BARD1|H2AZ1|CUL4A|ABL1|HSPA8|ODC1|PRIM2|NDC80|DKC1|PLK4|KPNA2|EFNA5|SS18|MNAT1|SMC2|NUMA1|RAD21|CBX1|PBK|RBM14|ATF5|TOP1|TENT4A|CENPA|TROAP|CHEK1|MT2A|CCNF|CDK4|ARID4A|CDKN2C|PTTG1|TFDP1|ORC6|NEK2|HIRA|MCM5|SNRPD1|CDKN3|BCL3|CDC6|INCENP|LMNB1	GSE16879	Enriched in nonresponders
HALLMARK_OXIDATIVE_PHOSPHORYLATION	0.00158291061458233	0.00344111003170071	0.45505986738723	0.285011371701099	1.57834022724751	199	MGST3|RETSAT|CPT1A|BAX|ATP5F1E|NDUFB8|SLC25A4|PDP1|MPC1|CYCS|UQCRC1|AFG3L2|SDHA|IDH3G|VDAC3|SLC25A20|ECI1|OGDH|NDUFB1|ACADVL|POLR2F|UQCR11|CASP7|ACAA1|MRPL35|COX10|ATP5F1A|MDH2|OPA1|NDUFS1|UQCRC2|ATP6V1H|SDHC|BDH2|CYB5A|SURF1|UQCR10|ECHS1|NDUFC1|ACAA2|NDUFA6|NDUFC2|HADHA|LRPPRC|COX5B|NDUFA5|ATP5PO|SLC25A11|ATP5F1C|ATP5ME|ATP5PF|IDH2|COX15|MFN2|ATP5MF|COX5A|SLC25A3|PDHA1|ATP6V0C|VDAC1|ACO2|ATP5MC3|ETFDH|NDUFS3|TIMM17A|GOT2|IDH3B|IMMT|ETFB|ATP6V1D|NDUFB7|MRPS15|COX7B|ALDH6A1|MRPS30|TIMM50|POR|NDUFA8|GPI|COX17|NDUFV1|COX6B1|MRPL34|FDX1|NDUFA3|VDAC2|DLD|ACAT1|PHYH|NDUFA1|NDUFS8|ATP5F1D|CYC1|SUCLG1|NNT|ATP5F1B|UQCRFS1|NDUFA9|COX4I1|HSPA9|SDHB|TCIRG1|ATP6V0B|NDUFA2|HADHB|ATP5MC2|IDH1|DECR1|PMPCA|MTRR|NDUFB3|COX11|FH|NDUFA4|NQO2|COX8A|MRPS22	GSE16879	Enriched in responders
HALLMARK_BILE_ACID_METABOLISM	0.00195434191320949	0.00407154565251976	0.431707695803346	0.333006396526914	1.69031094520588	112	BBOX1|PEX26|ABCG8|ABCA2|HSD17B11|RETSAT|NR1I2|MLYCD|SLC27A2|DHCR24|NR3C2|AMACR|PXMP2|ACSL5|PEX16|TFCP2L1|PAOX|EPHX2|PEX19|RBP1|ABCD3|SERPINA6|PEX11A|HAO1|EFHC1|ABCA5|SLC22A18|SLCO1A2|LIPE|NPC1|SULT1B1|LONP2|CROT|BCAR3|NR1H4|NUDT12|RXRA|FADS2|AGXT|GNMT|ABCA4|RXRG|IDH2|PRDX5	GSE16879	Enriched in responders
HALLMARK_UV_RESPONSE_UP	0.0026290607805922	0.0052581215611844	0.431707695803346	-0.274079448761173	-1.5804868908691	158	CXCL2|SOD2|IL6|HSPA13|ICAM1|MSX1|PDLIM3|IL6ST|E2F5|BTG2|OLFM1|ASNS|BTG3|NFKBIA|RASGRP1|MMP14|EIF5|DDX21|PPIF|FGF18|GLS|STARD3|PPT1|CREG1|ATP6V1F|RXRB|IRF1|PPP1R2|JUNB|EIF2S3|PARP2|LYN|GPX3|COL2A1|ENO2|GAL|NUP58|DNAJA1|KCNH2|RRAD|ATP6V1C1|TUBA4A|CASP3|POLE3|CDK2|STIP1|PLCL1|ARRB2|TCHH|DLG4	GSE16879	Enriched in nonresponders
HALLMARK_ANDROGEN_RESPONSE	0.0102840285203243	0.0197769779237005	0.380730400722792	-0.289489832409827	-1.5271901545828	101	AKAP12|PTK2B|ABCC4|STEAP4|TNFAIP8|ELL2|ELOVL5|SLC38A2|ADAMTS1|DNAJB9|ARID5B|MAK|SPCS3|ACTN1|CAMKK2|GUCY1A1|ELK4|NGLY1|LMAN1|UBE2J1|SPDEF|TARP|RPS6KA3|ITGAV|MAF	GSE16879	Enriched in nonresponders
HALLMARK_PEROXISOME	0.0116608321781715	0.0215941336632806	0.380730400722792	0.304247363865915	1.5189407130369	104	ABCC5|CADM1|CRAT|HSD17B11|ACOX1|HMGCL|EHHADH|RETSAT|NR1I2|MLYCD|CLN6|SLC27A2|DHCR24|HSD11B2|PEX5|ACSL5|ACOT8|SLC25A4|CACNA1B|SEMA3C|EPHX2|ABCD3|SERPINA6|DHRS3|PEX11A|BCL10|ABCB1|ACAA1|TSPO|ECI2|LONP2	GSE16879	Enriched in responders
HALLMARK_MYOGENESIS	0.0339387626452069	0.0606049332950123	0.321775918075361	-0.221124526913487	-1.31717680878084	200	DMD|FHL1|PRNP|COL6A3|FST|IGFBP7|COL15A1|WWTR1|PDE4DIP|FGF2|COL4A2|COL3A1|PTP4A3|SCHIP1|HSPB8|SPARC|COL1A1|SVIL|MEF2C|PKIA|TGFB1|BIN1|DTNA|LAMA2|KIFC3|GADD45B|TPM2|SSPN|SPDEF|ACSL1|COL6A2|TCAP|EIF4A2|CRYAB|MRAS|TAGLN|CDH13|COX7A1|ACTC1|GPX3|CNN3|SORBS3|RB1|GAA|SPEG|KCNH2|STC2|PDLIM7|MAPRE3|IGF1|IGFBP3|NOTCH1|CD36|CHRNB1|ITGB1	GSE16879	Enriched in nonresponders
HALLMARK_PI3K_AKT_MTOR_SIGNALING	0.038677949856918	0.0663716814159292	0.321775918075361	-0.252608630388394	-1.33839186261202	105	CAB39L|SLA|PRKAA2|ITPR2|ACTR3|PLCB1|GRB2|PRKCB|PTPN11|CXCR4|LCK|CAMK4|PIKFYVE|RPS6KA3|PTEN|RAF1|HSP90B1|RAC1|THEM4|DAPP1|GRK2|PDK1|TIAM1|STAT2|MAP3K7|ATF1|RPTOR|CDK1|CDK2|CDKN1B|TBK1|ACTR2|IRAK4	GSE16879	Enriched in nonresponders
HALLMARK_HEME_METABOLISM	0.0398230088495575	0.0663716814159292	0.276500599254472	0.238432755883077	1.3196723242028	200	TAL1|SELENBP1|BLVRA|NFE2L1|ENDOD1|IGSF3|BACH1|MKRN1|SLC30A10|LPIN2|FBXO34|MGST3|SNCA|RAP1GAP|CA1|ABCG2|BSG|RIOK3|RANBP10|MOCOS|OSBP2|SIDT2|MXI1|ARHGEF12|RHAG|GYPE|FTCD|SLC66A2|SLC6A8|DCAF11|H1-0|ALDH1L1|CROCCP2|ATP6V0A1|ACSL6|DCUN1D1|HTATIP2|KLF3|DAAM1|TRIM10|CAST|ERMAP|MARCHF8|ADD1|ALAD|NARF|KHNYN|AQP3|DMTN|CLCN3|TYR|NUDT4|UBAC1|PDZK1IP1|FOXO3|HAGH|TMEM9B	GSE16879	Enriched in responders
HALLMARK_ESTROGEN_RESPONSE_EARLY	0.051622418879056	0.0832619659339614	0.241339976815091	0.234668499631255	1.29883800226436	200	ENDOD1|RETREG1|SLC1A1|TJP3|NADSYN1|OVOL2|MAPT|RAB17|PDZK1|AKAP1|SLC22A5|SYT12|SLC26A2|SCNN1A|SLC27A2|MINDY1|LRIG1|NBL1|SEMA3B|ASB13|HR|ITPK1|CLDN7|SCARB1|ELF3|MLPH|PAPSS2|MYB|MAST4|CLIC3|NHERF1|ADCY1|ESRP2|SLC37A1|MYBL1|ALDH3B1|DHRS3|REEP1|FDFT1|CELSR2|RRP12|PEX11A|BCL11B|KLF4|CANT1|DHCR7|MUC1|CA12|RAPGEFL1|KAZN	GSE16879	Enriched in responders
HALLMARK_XENOBIOTIC_METABOLISM	0.0722713864306785	0.112924041297935	0.20207170902116	0.227626848728654	1.25986402916891	200	GART|PLG|ENTPD5|LPIN2|ACOX1|CYP2S1|RETSAT|RAP1GAP|CSAD|PTGR1|ABHD6|ANGPTL3|SPINT2|ASL|ACOX3|HNF4A|MAOA|SLC46A3|TMEM176B|CYP17A1|DDAH2|PAPSS2|BCAR1|GCKR|ARG1|GSR|ATP2A2|SERPINA6|NDRG2|IGFBP1|ADH7|JUP|CYP2J2|CYP2C18|GSS|AKR1C2|TMBIM6|PMM1|HES6|ARG2|ABCC2|ADH1C|DDC|COMT|PDLIM5|NPC1|TAT|CYB5A|CASP6|TYR|CROT|ABCC3|PYCR1|FABP1|ALDH2|ATOH8|CNDP2|NQO1|PINK1|GNMT|AKR1C3|FBP1|CDA|NFS1|HRG|SLC35D1|CA2|AP4B1|CCL25|ACO2|CBR1|SAR1B|ETFDH	GSE16879	Enriched in responders
HALLMARK_MYC_TARGETS_V2	0.0862068965517241	0.130616509926855	0.241339976815091	-0.279879574946223	-1.33427136405127	58	DUSP2|SLC19A1|NOP56|MPHOSPH10|SRM|CBX3|RCL1|NPM1|MYC|MRTO4|PPRC1|IMP4|BYSL|TFB2M|NOLC1|GNL3|HSPD1|PRMT3|PLK4|PES1|DDX18|EXOSC5|NOP16|WDR43|CDK4|NIP7	GSE16879	Enriched in nonresponders
HALLMARK_MITOTIC_SPINDLE	0.102803738317757	0.151181968114349	0.248911114434702	-0.198918546155863	-1.18208340138539	199	CEP72|FLNA|CCDC88A|PKD2|HOOK3|NIN|ROCK1|PREX1|CEP57|KNTC1|DOCK2|BRCA2|CNTRL|RFC1|FBXO5|SMC3|MARK4|MAPRE1|KIF1B|ARHGEF2|CDC42|BIN1|PALLD|BUB1|CDC27|KLC1|ARHGEF3|CENPJ|RAPGEF6|MYH10|RICTOR|LLGL1|LATS1|RASA2|ARHGAP29|RASAL2|CDC42EP2|KIF20B|WASF1|TUBGCP3|FARP1|SEPTIN9|TIAM1|NUSAP1|CLASP1	GSE16879	Enriched in nonresponders
HALLMARK_ADIPOGENESIS	0.123893805309735	0.176991150442478	0.151148761385484	0.215203348769643	1.19110271738975	200	APLP2|HADH|ESRRA|ADCY6|ATP1B3|CRAT|ACOX1|MGST3|RETSAT|SLC25A1|RIOK3|HIBCH|ARL4A|TKT|ITSN1|PHLDB1|PFKL|SCARB1|UQCRC1|ADIPOR2|MIGA2|EPHX2|BCL2L13|MGLL|IDH3G|COQ9|AGPAT3|LAMA4|RREB1|ARAF|TST|PPARG|DHCR7|SLC25A10|DGAT1|PDCD4|UQCR11|ACADS|SULT1A1|GPD2|MDH2|MTCH2|LIPE|SDHC|SAMM50|UQCR10|LEP|CMPK1|ECHS1|ACAA2|ALDH2|CMBL|RTN3|NDUFA5|ATP5PO|ADIG|GHITM|BAZ2A|UCK1|MYLK|AK2|GPAT4|ACO2|DNAJC15|ABCB8|NDUFS3|COQ5|MTARC2|ADIPOQ|PPM1B|CPT2|IMMT|COQ3|ETFB|NDUFB7|COX7B|CD151	GSE16879	Enriched in responders
HALLMARK_P53_PATHWAY	0.138888888888889	0.192901234567901	0.211400189384923	-0.19331502260616	-1.15152338874376	200	DRAM1|TM7SF3|NINJ1|IER5|SOCS1|LIF|F2R|PROCR|BTG2|RHBDF2|IER3|RGS16|DEF6|IL1A|PTPRE|S100A4|ZFP36L1|IFI30|FBXW7|TGFB1|STOM|CYFIP2|MDM2|TXNIP|TP53|IRAG2|PLK2|FGF13|SLC7A11|DDIT4|WRAP73|TGFA|SLC3A2|NOL8|TSPYL2|RACK1|LDHB|CD81|CDH13|RB1|PLK3|ADA|GM2A|PTPN14|RRAD|SAT1|FAS|RAD51C|PCNA|CCNK|NOTCH1|DNTTIP2	GSE16879	Enriched in nonresponders
HALLMARK_TGF_BETA_SIGNALING	0.186732186732187	0.252340792881333	0.159646701919906	-0.256850749534958	-1.19913932303235	54	RAB31|SERPINE1|WWTR1|HIPK2|TGFB1|TRIM33|KLF10|TGFBR1|ACVR1|JUNB|THBS1|PMEPA1|BMPR2|MAP3K7|XIAP|LTBP2|TGIF1|FNTA|NOG|ARID4B|ENG	GSE16879	Enriched in nonresponders
HALLMARK_HEDGEHOG_SIGNALING	0.209026128266033	0.275034379297412	0.147331213699377	-0.288077033808604	-1.21236813351611	36	NRCAM|NRP2|RTN1|NRP1|CRMP1|HEY2|PML|THY1|TLE3|DPYSL2|HEY1|CDK6	GSE16879	Enriched in nonresponders
HALLMARK_GLYCOLYSIS	0.216814159292035	0.276548672566372	0.110122263835536	0.203568980942759	1.12670907661724	200	MPI|POLR3K|IDUA|AGRN|B4GALT4|SLC37A4|PHKA2|SDC3|B3GNT3|CLN6|GLCE|ARTN|PPIA|MXI1|EFNA3|ELF3|FAM162A|CHST6|B4GALT2|CLDN3|ALDOB|QSOX1|GUSB|NSDHL|AK4|GAL3ST1|CAPN5|GMPPB|GOT1|EGFR|SLC25A10|MERTK|ALDH7A1|UGP2|IL13RA1|DPYSL4|GPC1|HDLBP|MDH2|KIF2A|SDHC|NOL3|CYB5A|CASP6|PGAM2|MIOX|B4GALT7|SLC35A3|SRD5A3|CTH|XYLT2|NASP|GPC3|SLC16A3|EGLN3|PKP2|PGK1|P4HA2|KDELR3|ANG|PYGB|DSC2|LCT|BPNT1|FKBP4|GNE|TKTL1|GFPT1|BIK|ABCB6|PDK3|GOT2|SDC1|TPI1|COG2|GALE	GSE16879	Enriched in responders
HALLMARK_KRAS_SIGNALING_DN	0.221238938053097	0.276548672566372	0.108820126769161	0.202731722042373	1.12207503464201	200	NR6A1|IDUA|SSTR4|FGFR3|DTNB|ASB7|KCND1|KLK8|P2RX6|HSD11B2|GPRC5C|KCNQ2|HNF1A|MYO15A|TFCP2L1|SKIL|FSHB|RGS11|EPHA5|BMPR1B|CNTFR|GRID2|ZC2HC1C|CELSR2|GP2|PTPRJ|THRB|CD40LG|AMBN|MYOT|TFAP2B|SLC30A3|GTF3C5|SLC25A23|SLC12A3|ZNF112|SERPINA10|SPHK2|EDAR|CLDN8|CPEB3|MAGIX|KMT2D|CAPN9|PRKN|PDE6B|LFNG|SLC38A3|SELENOP|KCNE2|MFSD6|ARPP21|PAX4|FGGY|COPZ2|SCN10A|PDK2|VPS50|GPR3|NPHS1|SHOX2	GSE16879	Enriched in responders
HALLMARK_CHOLESTEROL_HOMEOSTASIS	0.23785594639866	0.290068227315439	0.112378519110475	0.247903336122962	1.15340512890184	74	ACSS2|ABCA2|CD9|SEMA3B|GUSB|NSDHL|LGALS3|FDFT1|LSS|CBS|EBP|PPARG|DHCR7|PCYT2|HMGCS1|CLU|CHKA|ADH4|TRIB3|ETHE1|CPEB2|HMGCR|FADS2|SCD|MVK|SQLE|IDI1|PDK3|FASN|ATF3|SREBF2|CTNNB1	GSE16879	Enriched in responders
HALLMARK_ESTROGEN_RESPONSE_LATE	0.339233038348083	0.403848855176289	0.0835990603684159	0.191415644521399	1.05944305998881	200	LLGL2|HMGCS2|TJP3|OVOL2|FGFR3|MAPT|PDZK1|CKB|PRLR|CD9|SLC22A5|SLC26A2|SCNN1A|SLC27A2|EMP2|ASCL1|NBL1|LARGE1|SEMA3B|HOMER2|HR|ITPK1|SCARB1|PAPSS2|PERP|MYB|IGSF1|ST14|CLIC3|NHERF1|LSR|ALDH3B1|MAPK13|FDFT1|CELSR2|SORD|METTL3|PLXNB1|TST|KLF4|PKP3|DHCR7|CA12|RAPGEFL1|OPN3|PDCD4	GSE16879	Enriched in responders
HALLMARK_PROTEIN_SECRETION	0.572164948453608	0.650187441424555	0.0855356947987884	-0.18234239386629	-0.953197000735299	96	CAV2|LAMP2|ABCA1|PAM|ANP32E|CTSC|KIF1B|LMAN1|SNX2|PPT1|SSPN|BNIP3|RPS6KA3|STX7|VAMP4|GLA|VAMP7|M6PR|TMX1	GSE16879	Enriched in nonresponders
HALLMARK_NOTCH_SIGNALING	0.563604240282686	0.650187441424555	0.0667426134241917	0.245140449803895	0.929277727114812	32	PRKCA|ARRB1|PSEN2|TCF7L2|KAT2A|FZD5|DTX4|HES1|LFNG|HEYL	GSE16879	Enriched in responders
HALLMARK_APICAL_SURFACE	0.603040540540541	0.670045045045045	0.0613026075396207	0.219674099838208	0.904418714589814	44	HSPB1|SLC2A4|EPHB4|ADIPOR2|NCOA6|CD160|SLC34A3|ATP8B1|ADAM10|APP|TMEM8B|PCSK9|DCBLD2|AKAP7	GSE16879	Enriched in responders
HALLMARK_WNT_BETA_CATENIN_SIGNALING	0.761658031088083	0.827889164226177	0.0514264916187015	0.200452910333378	0.812471264342753	42	LEF1|HDAC11|PSEN2|AXIN2|KAT2A|JAG2|NKD1|FZD8|WNT6|NCOR2|MAML1|HDAC5|AXIN1	GSE16879	Enriched in responders
HALLMARK_REACTIVE_OXYGEN_SPECIES_PATHWAY	0.910628019323672	0.967963836477987	0.0587185879555941	-0.161721367228815	-0.740364626830011	49	SOD2|PRNP|PRDX4|IPCEF1|HHEX|GCLC|JUNB|GPX3|CAT|ERCC2|LSP1|GLRX|GCLM|CDKN2D|GPX4|SBNO2|ABCC1|FES|FTL|G6PD|ATOX1	GSE16879	Enriched in nonresponders
HALLMARK_PANCREAS_BETA_CELLS	0.929245283018868	0.967963836477987	0.0566484183613995	-0.155823043613381	-0.6750179389247	40	MAFB|AKT3|ELP4|LMO2|IAPP|SRPRB	GSE16879	Enriched in nonresponders
HALLMARK_DNA_REPAIR	0.988980716253444	0.991477272727273	0.0610363728309177	-0.123672892333053	-0.710894027302376	150	PDE4B|GTF2H5|BRF2|GTF2H1|HCLS1|POLB|TP53|RFC3|ELL|REV3L|SNAPC5|BCAM|CLP1|GTF2B|ADA|ERCC8|ERCC1|ELOA|TYMS|PCNA|RPA2|POLR2D|POLA2|GSDME|TAF13|SDCBP|POM121|NUDT21|ERCC2|POLA1|HPRT1|RNMT|POLR2K|RFC4|RFC2|GTF2H3|TMED2|XPC|CMPK2|RFC5|GPX4|SUPT4H1|SMAD5|NFX1|POLR2I|NME1|NELFCD|SEC61A1|AGO4|DGUOK	GSE16879	Enriched in nonresponders
HALLMARK_SPERMATOGENESIS	0.991477272727273	0.991477272727273	0.0623861492893626	-0.122378539601012	-0.684150175046367	135	IL13RA2|DMC1|GSTM3|JAM3|PACRG|CFTR|SHE|MLF1|BUB1|CAMK4|LDHC|SLC2A5|GFI1|PDHA2|PARP2|TLE4|RAD17|ACE|COIL|NCAPH	GSE16879	Enriched in nonresponders
